<?xml version="1.0" encoding="UTF-8"?>
<metadata xml:lang="en"><Esri><CreaDate>20200126</CreaDate><CreaTime>16193000</CreaTime><SyncOnce>FALSE</SyncOnce><DataProperties><lineage><Process ToolSource="C:\Program Files\ArcGIS\ArcToolbox\Toolboxes\Data Management Tools.tbx\Project" Date="20100316" Time="122318">Project Priority_Areas G:\Backup_maindrive\Marine_Data\Southern_Ocean\Proposals\Priority_Areas_lamberts.shp PROJCS['South_Pole_Lambert_Azimuthal_Equal_Area',GEOGCS['GCS_WGS_1984',DATUM['D_WGS_1984',SPHEROID['WGS_1984',6378137.0,298.257223563]],PRIMEM['Greenwich',0.0],UNIT['Degree',0.0174532925199433]],PROJECTION['Lambert_Azimuthal_Equal_Area'],PARAMETER['False_Easting',0.0],PARAMETER['False_Northing',0.0],PARAMETER['Central_Meridian',0.0],PARAMETER['Latitude_Of_Origin',-90.0],UNIT['Meter',1.0]] # GEOGCS['GCS_WGS_1984',DATUM['D_WGS_1984',SPHEROID['WGS_1984',6378137.0,298.257223563]],PRIMEM['Greenwich',0.0],UNIT['Degree',0.0174532925199433]]</Process><Process ToolSource="C:\Program Files\ArcGIS\ArcToolbox\Toolboxes\Data Management Tools.tbx\DeleteField" Date="20100316" Time="122459">DeleteField G:\Backup_maindrive\Marine_Data\Southern_Ocean\Proposals\Priority_Areas\Priority_Areas_lamberts_less_fields.shp Id;ID_1;Approximat;Penguins;Flying_Bir;Flying_B_1;Cetaceans;Cetaceans_;Pinnapeds;Benthic_Or;Benthic__1;Pelagic;Existing_S;Territoria;Antarctic_;Support_fo;IUU_Fishin;IUU_Fish_1;IUU_Fish_2;IUU_Fish_3;IUU_Fish_4;IUU_Fish_5;IUU_Fish_6;IUU_Fish_7;Compliance;Complian_1;Tourism;Level_of_F;Level_of_1;Level_of_2;Level_of_3;Level_of_4;Level_of_5;Level_of_6;Scientific;Scientif_1;Bioregions;ET_ID G:\Backup_maindrive\Marine_Data\Southern_Ocean\Proposals\Priority_Areas\Priority_Areas_lamberts_less_fields.shp</Process><Process ToolSource="c:\program files (x86)\arcgis\desktop10.1\ArcToolbox\Toolboxes\Analysis Tools.tbx\Clip" Date="20140722" Time="112530">Clip Antartica Peninsula D:\CCAMLR\jhyu.shp #</Process></lineage><itemProps><itemLocation><linkage Sync="TRUE">file://\\JARATA\Users\Javier Arata\Documents\CCAMLR\MPA- Domain 1\Data to CCAMLR\Dom1\Area_Estudio</linkage><protocol Sync="TRUE">Local Area Network</protocol></itemLocation><itemName Sync="TRUE">jhyu</itemName><imsContentType Sync="TRUE">002</imsContentType><itemSize Sync="TRUE">0.000</itemSize></itemProps><coordRef><type Sync="TRUE">Projected</type><geogcsn Sync="TRUE">GCS_WGS_1984</geogcsn><csUnits Sync="TRUE">Linear Unit: Meter (1.000000)</csUnits><projcsn Sync="TRUE">South_Pole_Lambert_Azimuthal_Equal_Area</projcsn><peXml Sync="TRUE">&lt;ProjectedCoordinateSystem xsi:type='typens:ProjectedCoordinateSystem' xmlns:xsi='http://www.w3.org/2001/XMLSchema-instance' xmlns:xs='http://www.w3.org/2001/XMLSchema' xmlns:typens='http://www.esri.com/schemas/ArcGIS/10.1'&gt;&lt;WKT&gt;PROJCS[&amp;quot;South_Pole_Lambert_Azimuthal_Equal_Area&amp;quot;,GEOGCS[&amp;quot;GCS_WGS_1984&amp;quot;,DATUM[&amp;quot;D_WGS_1984&amp;quot;,SPHEROID[&amp;quot;WGS_1984&amp;quot;,6378137.0,298.257223563]],PRIMEM[&amp;quot;Greenwich&amp;quot;,0.0],UNIT[&amp;quot;Degree&amp;quot;,0.0174532925199433]],PROJECTION[&amp;quot;Lambert_Azimuthal_Equal_Area&amp;quot;],PARAMETER[&amp;quot;False_Easting&amp;quot;,0.0],PARAMETER[&amp;quot;False_Northing&amp;quot;,0.0],PARAMETER[&amp;quot;Central_Meridian&amp;quot;,0.0],PARAMETER[&amp;quot;Latitude_Of_Origin&amp;quot;,-90.0],UNIT[&amp;quot;Meter&amp;quot;,1.0],AUTHORITY[&amp;quot;ESRI&amp;quot;,102020]]&lt;/WKT&gt;&lt;XOrigin&gt;-12742200&lt;/XOrigin&gt;&lt;YOrigin&gt;-12742200&lt;/YOrigin&gt;&lt;XYScale&gt;353439722.13357937&lt;/XYScale&gt;&lt;ZOrigin&gt;-100000&lt;/ZOrigin&gt;&lt;ZScale&gt;10000&lt;/ZScale&gt;&lt;MOrigin&gt;-100000&lt;/MOrigin&gt;&lt;MScale&gt;10000&lt;/MScale&gt;&lt;XYTolerance&gt;0.001&lt;/XYTolerance&gt;&lt;ZTolerance&gt;0.001&lt;/ZTolerance&gt;&lt;MTolerance&gt;0.001&lt;/MTolerance&gt;&lt;HighPrecision&gt;true&lt;/HighPrecision&gt;&lt;WKID&gt;102020&lt;/WKID&gt;&lt;LatestWKID&gt;102020&lt;/LatestWKID&gt;&lt;/ProjectedCoordinateSystem&gt;</peXml></coordRef><copyHistory><copy source="C:\Users\Javier Arata\Documents\CCAMLR\MPA- Domain 1\DATA Layers\CCAMLR baseline GIS layers\Area_Estudio\Area_Estudio" dest="\\JARATA\Users\Javier Arata\Documents\CCAMLR\MPA- Domain 1\Data to CCAMLR\Dom1\Area_Estudio" date="20150210" time="11442500"></copy></copyHistory></DataProperties><ArcGISFormat>1.0</ArcGISFormat><SyncDate>20140722</SyncDate><SyncTime>11131900</SyncTime><ModDate>20140722</ModDate><ModTime>11131900</ModTime></Esri><idinfo><citation><citeinfo><onlink Sync="TRUE">\\BS-SUAN-D1\C$\arcgis\Susie_data\WS-MPA-11_GIS\MPA_planning\2011_MPA_Planning_DomainsUPDATE</onlink></citeinfo></citation></idinfo><distInfo><distributor><distorTran><onLineSrc><linkage Sync="TRUE">file://\\BS-SUAN-D1\C$\arcgis\Susie_data\WS-MPA-11_GIS\MPA_planning\2011_MPA_Planning_DomainsUPDATE</linkage><protocol Sync="TRUE">Local Area Network</protocol></onLineSrc></distorTran></distributor><distFormat><formatName Sync="TRUE">Shapefile</formatName></distFormat><distTranOps><transSize Sync="TRUE">0.000</transSize></distTranOps></distInfo><dataqual><lineage><procstep><procdesc Sync="TRUE">Dataset copied.</procdesc><srcused Sync="TRUE"></srcused><procdate Sync="TRUE">20100316</procdate><proctime Sync="TRUE">12234200</proctime></procstep><procstep><procdesc Sync="TRUE">Dataset moved.</procdesc><srcused Sync="TRUE">G:\Backup_maindrive\Marine_Data\Southern_Ocean\Proposals\Priority_Areas_lamberts_less_fields</srcused><procdate Sync="TRUE">20100316</procdate><proctime Sync="TRUE">12241300</proctime></procstep><procstep><procdesc Sync="TRUE">Dataset copied.</procdesc><srcused Sync="TRUE">C:\GISLD\Southern_Ocean\Proposals\CCAMLR_Priority_Areas\Priority_Areas_lamberts_less_fields</srcused><procdate Sync="TRUE">20110831</procdate><proctime Sync="TRUE">08402800</proctime></procstep><procstep><procdesc Sync="TRUE">Dataset copied.</procdesc><srcused Sync="TRUE">C:\Documents and Settings\suan\My Documents\CCAMLR\CCAMLR XXX 2011\MPAs workshop Aug2011\CCAMLR_GIS\CCAMLR_Priority_Areas</srcused><procdate Sync="TRUE">20110831</procdate><proctime Sync="TRUE">09164000</proctime></procstep><procstep><procdesc Sync="TRUE">Dataset copied.</procdesc><srcused Sync="TRUE">C:\Documents and Settings\suan\My Documents\CCAMLR\CCAMLR XXX 2011\MPAs workshop Aug2011\CCAMLR_GIS\CCAMLR_PriorityAreas_2011update</srcused><procdate Sync="TRUE">20110902</procdate><proctime Sync="TRUE">08030300</proctime></procstep><procstep><procdesc Sync="TRUE">Dataset moved.</procdesc><srcused Sync="TRUE">C:\Documents and Settings\suan\My Documents\CCAMLR\CCAMLR XXX 2011\MPAs workshop Aug2011\CCAMLR_GIS\WS-MPA-11_GIS\2011_MPA_Planning_Domains</srcused><procdate Sync="TRUE">20110902</procdate><proctime Sync="TRUE">08125300</proctime></procstep><procstep><procdesc Sync="TRUE">Dataset copied.</procdesc><srcused Sync="TRUE">C:\arcgis\Susie_data\WS-MPA-11_GIS\MPA_planning\2011_MPA_Planning_Domains</srcused><procdate Sync="TRUE">20120514</procdate><proctime Sync="TRUE">12133700</proctime></procstep><procstep><procdesc Sync="TRUE">Dataset copied.</procdesc><srcused Sync="TRUE">C:\arcgis\Susie_data\WS-MPA-11_GIS\MPA_planning\2011_MPA_Planning_DomainsCopy</srcused><procdate Sync="TRUE">20120514</procdate><proctime Sync="TRUE">15234600</proctime></procstep><procstep><procdesc Sync="TRUE">Dataset moved.</procdesc><srcused Sync="TRUE">C:\arcgis\Susie_data\WS-MPA-11_GIS\2011_spatial_mgt_units\2011_MPA_Planning_DomainsUPDATE</srcused><procdate Sync="TRUE">20120516</procdate><proctime Sync="TRUE">16083000</proctime></procstep></lineage></dataqual><dataIdInfo><envirDesc Sync="TRUE">Microsoft Windows 7 Version 6.1 (Build 7600) ; Esri ArcGIS 10.1.1.3143</envirDesc><dataLang><languageCode value="eng" Sync="TRUE"></languageCode><countryCode value="USA" Sync="TRUE"></countryCode></dataLang><idCitation><resTitle Sync="TRUE">jhyu</resTitle><presForm><PresFormCd value="005" Sync="TRUE"></PresFormCd></presForm></idCitation><spatRpType><SpatRepTypCd value="001" Sync="TRUE"></SpatRepTypCd></spatRpType></dataIdInfo><mdLang><languageCode value="eng" Sync="TRUE"></languageCode><countryCode value="USA" Sync="TRUE"></countryCode></mdLang><mdChar><CharSetCd value="004" Sync="TRUE"></CharSetCd></mdChar><mdHrLv><ScopeCd value="005" Sync="TRUE"></ScopeCd></mdHrLv><mdHrLvName Sync="TRUE">dataset</mdHrLvName><refSysInfo><RefSystem><refSysID><identCode code="102020" Sync="TRUE"></identCode><idCodeSpace Sync="TRUE">ESRI</idCodeSpace><idVersion Sync="TRUE">10.1.1</idVersion></refSysID></RefSystem></refSysInfo><spatRepInfo><VectSpatRep><geometObjs Name="jhyu"><geoObjTyp><GeoObjTypCd value="002" Sync="TRUE"></GeoObjTypCd></geoObjTyp><geoObjCnt Sync="TRUE">0</geoObjCnt></geometObjs><topLvl><TopoLevCd value="001" Sync="TRUE"></TopoLevCd></topLvl></VectSpatRep></spatRepInfo><spdoinfo><ptvctinf><esriterm Name="jhyu"><efeatyp Sync="TRUE">Simple</efeatyp><efeageom code="4" Sync="TRUE"></efeageom><esritopo Sync="TRUE">FALSE</esritopo><efeacnt Sync="TRUE">0</efeacnt><spindex Sync="TRUE">FALSE</spindex><linrefer Sync="TRUE">FALSE</linrefer></esriterm></ptvctinf></spdoinfo><eainfo><detailed Name="jhyu"><enttyp><enttypl Sync="TRUE">jhyu</enttypl><enttypt Sync="TRUE">Feature Class</enttypt><enttypc Sync="TRUE">0</enttypc></enttyp><attr><attrlabl Sync="TRUE">FID</attrlabl><attalias Sync="TRUE">FID</attalias><attrtype Sync="TRUE">OID</attrtype><attwidth Sync="TRUE">4</attwidth><atprecis Sync="TRUE">0</atprecis><attscale Sync="TRUE">0</attscale><attrdef Sync="TRUE">Internal feature number.</attrdef><attrdefs Sync="TRUE">Esri</attrdefs><attrdomv><udom Sync="TRUE">Sequential unique whole numbers that are automatically generated.</udom></attrdomv></attr><attr><attrlabl Sync="TRUE">Shape</attrlabl><attalias Sync="TRUE">Shape</attalias><attrtype Sync="TRUE">Geometry</attrtype><attwidth Sync="TRUE">0</attwidth><atprecis Sync="TRUE">0</atprecis><attscale Sync="TRUE">0</attscale><attrdef Sync="TRUE">Feature geometry.</attrdef><attrdefs Sync="TRUE">Esri</attrdefs><attrdomv><udom Sync="TRUE">Coordinates defining the features.</udom></attrdomv></attr><attr><attrlabl Sync="TRUE">OBJECTID</attrlabl><attalias Sync="TRUE">OBJECTID</attalias><attrtype Sync="TRUE">Integer</attrtype><attwidth Sync="TRUE">9</attwidth><atprecis Sync="TRUE">9</atprecis><attscale Sync="TRUE">0</attscale></attr><attr><attrlabl Sync="TRUE">Index</attrlabl><attalias Sync="TRUE">Index</attalias><attrtype Sync="TRUE">SmallInteger</attrtype><attwidth Sync="TRUE">4</attwidth><atprecis Sync="TRUE">4</atprecis><attscale Sync="TRUE">0</attscale></attr><attr><attrlabl Sync="TRUE">Name</attrlabl><attalias Sync="TRUE">Name</attalias><attrtype Sync="TRUE">String</attrtype><attwidth Sync="TRUE">20</attwidth><atprecis Sync="TRUE">0</atprecis><attscale Sync="TRUE">0</attscale></attr><attr><attrlabl Sync="TRUE">Location</attrlabl><attalias Sync="TRUE">Location</attalias><attrtype Sync="TRUE">String</attrtype><attwidth Sync="TRUE">50</attwidth><atprecis Sync="TRUE">0</atprecis><attscale Sync="TRUE">0</attscale></attr><attr><attrlabl Sync="TRUE">Dominio</attrlabl><attalias Sync="TRUE">Dominio</attalias><attrtype Sync="TRUE">String</attrtype><attwidth Sync="TRUE">10</attwidth><atprecis Sync="TRUE">0</atprecis><attscale Sync="TRUE">0</attscale></attr><attr><attrlabl Sync="TRUE">Shape_Leng</attrlabl><attalias Sync="TRUE">Shape_Leng</attalias><attrtype Sync="TRUE">Double</attrtype><attwidth Sync="TRUE">19</attwidth><atprecis Sync="TRUE">0</atprecis><attscale Sync="TRUE">0</attscale></attr><attr><attrlabl Sync="TRUE">Shape_Area</attrlabl><attalias Sync="TRUE">Shape_Area</attalias><attrtype Sync="TRUE">Double</attrtype><attwidth Sync="TRUE">19</attwidth><atprecis Sync="TRUE">0</atprecis><attscale Sync="TRUE">0</attscale><attrdef Sync="TRUE">Area of feature in internal units squared.</attrdef><attrdefs Sync="TRUE">Esri</attrdefs><attrdomv><udom Sync="TRUE">Positive real numbers that are automatically generated.</udom></attrdomv></attr></detailed></eainfo><mdDateSt Sync="TRUE">20140722</mdDateSt></metadata>
